<amBuildDB xmlns:xsi="http://www.w3.org/2001/XMLSchema-instance"><amBuild><projectID>NIST_AMMT_3dScanStrategyStudy</projectID><generalInfo><buildID>3dScanStrategyStudy_AMMT_Build</buildID><designID>3dScanStrategyStudyPartDesign_AMMT</designID><description>This build is conducted to study the proces signatures of an AMMT build with 12
        parts, each with different scan pattern and monitored with MPM and layerwise imaging
        systems</description><buildServiceProvider>NIST</buildServiceProvider><location>Gaithersburg</location><customerName>MSAM</customerName><materialName><materialNameEnum>IN625</materialNameEnum></materialName><materialVendor><vendorNameEnum>NIST</vendorNameEnum></materialVendor><vendorMaterialID>9011-0022</vendorMaterialID><machineVendor>NIST</machineVendor><machineModel>AMMT</machineModel><machineSerialNumber>001</machineSerialNumber><startTime>2018-07-08T09:00:00</startTime><finishTime>2018-07-08T17:00:00</finishTime><operators>HY</operators><buildFile><name>3D_Exp_Strategies</name><fileName>3D_Exp_Strategies.pdf</fileName><fileLocation>https://ammd.nist.gov/rest/blob/download/5d979db391aa68003a199dfe/</fileLocation></buildFile></generalInfo><feedstock><feedstockMaterialID>EOS_IN625_M421601</feedstockMaterialID></feedstock><amProcesses><preProcess><materialPreProcess/><machineSetup><platform><platformMaterial>Wrought nickel alloy 625</platformMaterial><platformMaker>Special Metals</platformMaker><sizeX><unit>mm</unit><value><nominalValue>101.6</nominalValue></value></sizeX><sizeY><unit>mm</unit><value><nominalValue>101.6</nominalValue></value></sizeY><sizeZ><unit>mm</unit><value><nominalValue>3.175</nominalValue></value></sizeZ><surfaceRoughness><unit>N/A</unit><value/></surfaceRoughness><preheatedTemp><unit>Room Temperature</unit><value/></preheatedTemp></platform><atmosphere><O2SetPointMax><unit>ppm</unit><value>500</value></O2SetPointMax><purgeGas>argon</purgeGas><purgeGasSource>tank</purgeGasSource><filtration><ageOfFilter1>0</ageOfFilter1><ageOfFilter2>0</ageOfFilter2><pressureDifference><unit>text</unit><value/></pressureDifference></filtration></atmosphere></machineSetup></preProcess><inProcess><amProcessPlans><amProcessPlan><AMMTProcessPlan><partID>Part 1</partID><id>3dScanStrategyLayer1Part1</id><layerThickness>20</layerThickness><scanCommandDataType>xy2-100</scanCommandDataType><layer>1</layer><buildCommandDataZip><name>T500_3D_Scan_Strategies_fused_layer0001_Cube1.csv.zip</name><description>xyp2-100 command for Layer 1 and Part 1</description><zipFileStructure><name>N/A</name><description>The zip file includes a xyp2-100 command only for Part
                    1</description><file><fileName>T500_3D_Scan_Strategies_fused_layer0001_crop.csv</fileName></file></zipFileStructure><zipFileLocation><databaseURI>https://ammd.nist.gov/rest/blob/download/5d979dd191aa68003a199e04/</databaseURI></zipFileLocation></buildCommandDataZip></AMMTProcessPlan><AMMTProcessPlan><partID>Part 2</partID><id>3dScanStrategyLayer2Part2</id><layerThickness>20</layerThickness><scanCommandDataType>xy2-100</scanCommandDataType><layer>2</layer><buildCommandDataZip><name>T500_3D_Scan_Strategies_fused_layer0002_Cube2.csv.zip</name><description>xyp2-100 command for Layer 2 and Part 2</description><zipFileStructure><name>N/A</name><description>The zip file includes a xyp2-100 command only for Part
                    2</description><file><fileName>T500_3D_Scan_Strategies_fused_layer0002_crop.csv</fileName></file></zipFileStructure><zipFileLocation><databaseURI>https://ammd.nist.gov/rest/blob/download/5d979dea91aa6800361992c4/</databaseURI></zipFileLocation></buildCommandDataZip></AMMTProcessPlan><AMMTProcessPlan><partID>Part 3</partID><id>3dScanStrategyLayer3Part3</id><layerThickness>20</layerThickness><scanCommandDataType>xy2-100</scanCommandDataType><layer>3</layer><buildCommandDataZip><name>T500_3D_Scan_Strategies_fused_layer0003_Cube3.csv.zip</name><description>xyp2-100 command for Layer 3 and Part 3</description><zipFileStructure><name>N/A</name><description>The zip file includes a xyp2-100 command only for Part
                    3</description><file><fileName>T500_3D_Scan_Strategies_fused_layer0003_crop.csv</fileName></file></zipFileStructure><zipFileLocation><databaseURI>https://ammd.nist.gov/rest/blob/download/5d979df691aa68003a199e0c/</databaseURI></zipFileLocation></buildCommandDataZip></AMMTProcessPlan><AMMTProcessPlan><partID>Part 4</partID><id>3dScanStrategyLayer4Part4</id><layerThickness>20</layerThickness><scanCommandDataType>xy2-100</scanCommandDataType><layer>4</layer><buildCommandDataZip><name>T500_3D_Scan_Strategies_fused_layer0004_Cube4.csv.zip</name><description>xyp2-100 command for Layer 4 and Part 4</description><zipFileStructure><name>N/A</name><description>The zip file includes a xyp2-100 command only for Part
                    4</description><file><fileName>T500_3D_Scan_Strategies_fused_layer0004_crop.csv</fileName></file></zipFileStructure><zipFileLocation><databaseURI>https://ammd.nist.gov/rest/blob/download/5d979e0a91aa68003a199e12/</databaseURI></zipFileLocation></buildCommandDataZip></AMMTProcessPlan><AMMTProcessPlan><partID>Part 5</partID><id>3dScanStrategyLayer5Part5</id><layerThickness>20</layerThickness><scanCommandDataType>xy2-100</scanCommandDataType><layer>5</layer><buildCommandDataZip><name>T500_3D_Scan_Strategies_fused_layer0005_Cube5.csv.zip</name><description>xyp2-100 command for Layer 5 and Part 5</description><zipFileStructure><name>N/A</name><description>The zip file includes a xyp2-100 command only for Part
                    5</description><file><fileName>T500_3D_Scan_Strategies_fused_layer0005_crop.csv</fileName></file></zipFileStructure><zipFileLocation><databaseURI>https://ammd.nist.gov/rest/blob/download/5d979e1491aa68003a199e1a/</databaseURI></zipFileLocation></buildCommandDataZip></AMMTProcessPlan><AMMTProcessPlan><partID>Part 6</partID><id>3dScanStrategyLayer6Part6</id><layerThickness>20</layerThickness><scanCommandDataType>xy2-100</scanCommandDataType><layer>6</layer><buildCommandDataZip><name>T500_3D_Scan_Strategies_fused_layer0006_Cube6.csv.zip</name><description>xyp2-100 command for Layer 1 and Part 1</description><zipFileStructure><name>N/A</name><description>The zip file includes a xyp2-100 command only for Part
                    6</description><file><fileName>T500_3D_Scan_Strategies_fused_layer0006_crop.csv</fileName></file></zipFileStructure><zipFileLocation><databaseURI>https://ammd.nist.gov/rest/blob/download/5d979e1c91aa6800271992e1/</databaseURI></zipFileLocation></buildCommandDataZip></AMMTProcessPlan><AMMTProcessPlan><partID>Part 7</partID><id>3dScanStrategyLayer7Part7</id><layerThickness>20</layerThickness><scanCommandDataType>xy2-100</scanCommandDataType><layer>7</layer><buildCommandDataZip><name>T500_3D_Scan_Strategies_fused_layer0007_Cube7.csv.zip</name><description>xyp2-100 command for Layer 7 and Part 7</description><zipFileStructure><name>N/A</name><description>The zip file includes a xyp2-100 command only for Part
                    7</description><file><fileName>T500_3D_Scan_Strategies_fused_layer0007_crop.csv</fileName></file></zipFileStructure><zipFileLocation><databaseURI>https://ammd.nist.gov/rest/blob/download/5d979e2791aa6800271992e7/</databaseURI></zipFileLocation></buildCommandDataZip></AMMTProcessPlan><AMMTProcessPlan><partID>Part 8</partID><id>3dScanStrategyLayer8Part8</id><layerThickness>20</layerThickness><scanCommandDataType>xy2-100</scanCommandDataType><layer>8</layer><buildCommandDataZip><name>T500_3D_Scan_Strategies_fused_layer0008_Cube8.csv.zip</name><description>xyp2-100 command for Layer 8 and Part 8</description><zipFileStructure><name>N/A</name><description>The zip file includes a xyp2-100 command only for Part
                    8</description><file><fileName>T500_3D_Scan_Strategies_fused_layer0008_crop.csv</fileName></file></zipFileStructure><zipFileLocation><databaseURI>https://ammd.nist.gov/rest/blob/download/5d979e2e91aa68003a199e21/</databaseURI></zipFileLocation></buildCommandDataZip></AMMTProcessPlan><AMMTProcessPlan><partID>Part 9</partID><id>3dScanStrategyLayer9Part9</id><layerThickness>20</layerThickness><scanCommandDataType>xy2-100</scanCommandDataType><layer>9</layer><buildCommandDataZip><name>T500_3D_Scan_Strategies_fused_layer0009_Cube9.csv.zip</name><description>xyp2-100 command for Layer 9 and Part 9</description><zipFileStructure><name>N/A</name><description>The zip file includes a xyp2-100 command only for Part
                    9</description><file><fileName>T500_3D_Scan_Strategies_fused_layer0009_crop.csv</fileName></file></zipFileStructure><zipFileLocation><databaseURI>https://ammd.nist.gov/rest/blob/download/5d979e3791aa68003a199e28/</databaseURI></zipFileLocation></buildCommandDataZip></AMMTProcessPlan><AMMTProcessPlan><partID>Part 10</partID><id>3dScanStrategyLayer10Part10</id><layerThickness>20</layerThickness><scanCommandDataType>xy2-100</scanCommandDataType><layer>10</layer><buildCommandDataZip><name>T500_3D_Scan_Strategies_fused_layer0010_Cube10.csv.zip</name><description>xyp2-100 command for Layer 10 and Part 10</description><zipFileStructure><name>N/A</name><description>The zip file includes a xyp2-100 command only for Part
                    1o</description><file><fileName>T500_3D_Scan_Strategies_fused_layer0010_crop.csv</fileName></file></zipFileStructure><zipFileLocation><databaseURI>https://ammd.nist.gov/rest/blob/download/5d979e4591aa68003a199e2e/</databaseURI></zipFileLocation></buildCommandDataZip></AMMTProcessPlan><AMMTProcessPlan><partID>Part 11</partID><id>3dScanStrategyLayer11Part11</id><layerThickness>20</layerThickness><scanCommandDataType>xy2-100</scanCommandDataType><layer>11</layer><buildCommandDataZip><name>T500_3D_Scan_Strategies_fused_layer0011_Cube11.csv.zip</name><description>xyp2-100 command for Layer 11 and Part 11</description><zipFileStructure><name>N/A</name><description>The zip file includes a xyp2-100 command only for Part
                    11</description><file><fileName>T500_3D_Scan_Strategies_fused_layer0011_crop.csv</fileName></file></zipFileStructure><zipFileLocation><databaseURI>https://ammd.nist.gov/rest/blob/download/5d979e4d91aa68003a199e35/</databaseURI></zipFileLocation></buildCommandDataZip></AMMTProcessPlan><AMMTProcessPlan><partID>Part 12</partID><id>3dScanStrategyLayer12Part12</id><layerThickness>20</layerThickness><scanCommandDataType>xy2-100</scanCommandDataType><layer>12</layer><buildCommandDataZip><name>T500_3D_Scan_Strategies_fused_layer0012_Cube12.csv.zip</name><description>xyp2-100 command for Layer 12 and Part 12</description><zipFileStructure><name>N/A</name><description>The zip file includes a xyp2-100 command only for Part
                    12</description><file><fileName>T500_3D_Scan_Strategies_fused_layer0012_crop.csv</fileName></file></zipFileStructure><zipFileLocation><databaseURI>https://ammd.nist.gov/rest/blob/download/5d979e5491aa68003a199e3d/</databaseURI></zipFileLocation></buildCommandDataZip></AMMTProcessPlan></amProcessPlan></amProcessPlans><amInSituMonitor><amMonitorDataItem><variableName>LWI_Layer1</variableName><description>LaywiseImage</description><sensorID>AMMTLayerImageCamera_acA3800-10gm</sensorID><unit>LayerwiseImagesLayer1.zip</unit></amMonitorDataItem><amMonitorDataItem><variableName>LWI_Layer2</variableName><description>LaywiseImage</description><sensorID>AMMTLayerImageCamera_acA3800-10gm</sensorID><unit>LayerwiseImagesLayer2.zip</unit></amMonitorDataItem><amMonitorDataItem><variableName>LWI_Layer3</variableName><description>LaywiseImage</description><sensorID>AMMTLayerImageCamera_acA3800-10gm</sensorID><unit>LayerwiseImagesLayer3.zip</unit></amMonitorDataItem><amMonitorDataItem><variableName>LWI_Layer4</variableName><description>LaywiseImage</description><sensorID>AMMTLayerImageCamera_acA3800-10gm</sensorID><unit>LayerwiseImagesLayer4.zip</unit></amMonitorDataItem><amMonitorDataItem><variableName>LWI_Layer5</variableName><description>LaywiseImage</description><sensorID>AMMTLayerImageCamera_acA3800-10gm</sensorID><unit>LayerwiseImagesLayer5.zip</unit></amMonitorDataItem><amMonitorDataItem><variableName>LWI_Layer6</variableName><description>LaywiseImage</description><sensorID>AMMTLayerImageCamera_acA3800-10gm</sensorID><unit>LayerwiseImagesLayer6.zip</unit></amMonitorDataItem><amMonitorDataItem><variableName>LWI_Layer7</variableName><description>LaywiseImage</description><sensorID>AMMTLayerImageCamera_acA3800-10gm</sensorID><unit>LayerwiseImagesLayer7.zip</unit></amMonitorDataItem><amMonitorDataItem><variableName>LWI_Layer8</variableName><description>LaywiseImage</description><sensorID>AMMTLayerImageCamera_acA3800-10gm</sensorID><unit>LayerwiseImagesLayer8.zip</unit></amMonitorDataItem><amMonitorDataItem><variableName>LWI_Layer9</variableName><description>LaywiseImage</description><sensorID>AMMTLayerImageCamera_acA3800-10gm</sensorID><unit>LayerwiseImagesLayer9.zip</unit></amMonitorDataItem><amMonitorDataItem><variableName>MPM_Layer1</variableName><description>CoaxialMPM</description><sensorID>AMMTCoAxialMPM_Mikrotron-EOSens-3CL</sensorID><unit>MIA_L0001.zip</unit></amMonitorDataItem><amMonitorDataItem><variableName>MPM_Layer2</variableName><description>CoaxialMPM</description><sensorID>AMMTCoAxialMPM_Mikrotron-EOSens-3CL</sensorID><unit>MIA_L0002.zip</unit></amMonitorDataItem><amMonitorDataItem><variableName>MPM_Layer4</variableName><description>CoaxialMPM</description><sensorID>AMMTCoAxialMPM_Mikrotron-EOSens-3CL</sensorID><unit>MIA_L0004.zip</unit></amMonitorDataItem><amMonitorDataItem><variableName>MPM_Layer8</variableName><description>CoaxialMPM</description><sensorID>AMMTCoAxialMPM_Mikrotron-EOSens-3CL</sensorID><unit>MIA_L0008.zip</unit></amMonitorDataItem><amMonitorDataItem><variableName>MPM_Layer21</variableName><description>CoaxialMPM</description><sensorID>AMMTCoAxialMPM_Mikrotron-EOSens-3CL</sensorID><unit>MIA_L00021.zip</unit></amMonitorDataItem></amInSituMonitor></inProcess><postProcessing><treatment><treatmentID>partsOnStripSeperation</treatmentID><treatmentType>sawing</treatmentType><projectID>NIST_AMMT_3dScanStrategyStudy</projectID><performer>NIST Machineshop</performer><startTime>2018-07-11T09:00:00</startTime><finishTime>2018-07-11T17:00:00</finishTime><removeSupport><removalOperator/><removalTemp><unit>text</unit><value/></removalTemp><observation>text</observation></removeSupport></treatment></postProcessing></amProcesses><parts><part><partID>Part 1</partID><partName>Part 1</partName><buildOrientation><A>0</A><B>0</B><C>0</C></buildOrientation><buildLocation><posX>-40.1</posX><posY>20</posY><posZ>0</posZ></buildLocation></part><part><partID>Part 2</partID><partName>Part 2</partName><buildOrientation><A>0</A><B>0</B><C>0</C></buildOrientation><buildLocation><posX>-38.1</posX><posY>0</posY><posZ>0</posZ></buildLocation></part><part><partID>Part 3</partID><partName>Part 3</partName><buildOrientation><A>0</A><B>0</B><C>0</C></buildOrientation><buildLocation><posX>-36.1</posX><posY>-20</posY><posZ>0</posZ></buildLocation></part><part><partID>Part 4</partID><partName>Part 4</partName><buildOrientation><A>0</A><B>0</B><C>0</C></buildOrientation><buildLocation><posX>-14.7</posX><posY>20</posY><posZ>0</posZ></buildLocation></part><part><partID>Part 5</partID><partName>Part 5</partName><buildOrientation><A>0</A><B>0</B><C>0</C></buildOrientation><buildLocation><posX>-12.7</posX><posY>0</posY><posZ>0</posZ></buildLocation></part><part><partID>Part 6</partID><partName>Part 6</partName><buildOrientation><A>0</A><B>0</B><C>0</C></buildOrientation><buildLocation><posX>-10.7</posX><posY>-20</posY><posZ>0</posZ></buildLocation></part><part><partID>Part 7</partID><partName>Part 7</partName><buildOrientation><A>0</A><B>0</B><C>0</C></buildOrientation><buildLocation><posX>10.7</posX><posY>20</posY><posZ>0</posZ></buildLocation></part><part><partID>Part 8</partID><partName>Part 8</partName><buildOrientation><A>0</A><B>0</B><C>0</C></buildOrientation><buildLocation><posX>12.7</posX><posY>0</posY><posZ>0</posZ></buildLocation></part><part><partID>Part 9</partID><partName>Part 9</partName><buildOrientation><A>0</A><B>0</B><C>0</C></buildOrientation><buildLocation><posX>14.7</posX><posY>-20</posY><posZ>0</posZ></buildLocation></part><part><partID>Part 10</partID><partName>Part 10</partName><buildOrientation><A>0</A><B>0</B><C>0</C></buildOrientation><buildLocation><posX>36.1</posX><posY>20</posY><posZ>0</posZ></buildLocation></part><part><partID>Part 11</partID><partName>Part 11</partName><buildOrientation><A>0</A><B>0</B><C>0</C></buildOrientation><buildLocation><posX>38.1</posX><posY>0</posY><posZ>0</posZ></buildLocation></part><part><partID>Part 12</partID><partName>Part 12</partName><buildOrientation><A>0</A><B>0</B><C>0</C></buildOrientation><buildLocation><posX>40.1</posX><posY>-20</posY><posZ>0</posZ></buildLocation></part></parts><partTests><specimenCollection/><testSeries/></partTests></amBuild></amBuildDB>