<amMachineDB xmlns:xsi="http://www.w3.org/2001/XMLSchema-instance"><amMachine><name>NIST_AMMT</name><description>NIST Open Architecture AM Metrology Testbed</description><owner>NIST</owner><manufacturer><otherVendorName>NIST</otherVendorName></manufacturer><model>AMMT</model><serialNumber>001</serialNumber><dateOfMade>2017-10-01</dateOfMade><location>Gaithersburg</location><processCategory>Others</processCategory><numOfLasers>1</numOfLasers><laserSystem><machineVendor>IPG</machineVendor><machineModel>YLR-150/1500-QCW</machineModel><machineSerialNumber>00000000</machineSerialNumber><laserType>Single Mode Fiber</laserType><dateOfMade>2000-01-01</dateOfMade><ratedPower><unit>W</unit><value><max>500.000000</max></value></ratedPower><ratedWaveLengthType>Pulse</ratedWaveLengthType><ratedWaveLength><unit>nm</unit><value><min>1065</min><max>1075</max></value></ratedWaveLength><lensType>F-theta-lens</lensType><lensInstallationDate>2017-01-01</lensInstallationDate><laserMode>Single</laserMode><laserBeam><beamShape>Elliptical</beamShape><minBeamSpot><unit>micrometer</unit><value><nominalValue>100.000000</nominalValue></value></minBeamSpot><maxBeamSpot><unit>micrometer</unit><value><nominalValue>500.000000</nominalValue></value></maxBeamSpot></laserBeam></laserSystem><softwareSystem><updateHistory><operatorName>John Smith</operatorName><updatedVersion>IPG User Interface</updatedVersion><dateOfUpdate>2017-01-01</dateOfUpdate></updateHistory></softwareSystem><scanSpeedMax><unit>m/s</unit><value><max>7.000000</max></value></scanSpeedMax><calibrationHistory><calibrationDataItem><description/><fileLocation/><calibrationDate>2017-01-01</calibrationDate><calibrationOperator><name>L and Y</name></calibrationOperator></calibrationDataItem></calibrationHistory><numRecoaterBlades>1</numRecoaterBlades><inSituMonitoringSystem><coAxialMPMSystem><generalInfo><name>AMMTCoAxialMPM_Mikrotron-EOSens-3CL</name><description>AMMT CoAxial MPM using Mikrotron EOSens 3CL</description><model>Mikrotron EOSens 3CL</model><dateOfMade>2017-01-01</dateOfMade><location>Gaithersburg, MD</location></generalInfo><cameraInfo><imageX>120</imageX><imageY>128</imageY><detectorPixelPitchInUm>8</detectorPixelPitchInUm><shutterSpeed>20</shutterSpeed><bitDepth>8</bitDepth><opticalFilterBW><unit>nm</unit><value><nominalValue>850</nominalValue></value></opticalFilterBW></cameraInfo><cameraConfigHistory><cameraConfigDataItem><generalInfo><id>MPMConfig20180708</id><description>Camera installed for 3D Scan Strategies Test</description><date>2018-07-01</date><operator><name>Ho</name><title>ME</title><operatingHours>200</operatingHours></operator></generalInfo><magnification>1</magnification><frameRate>2000</frameRate><illumination>None</illumination></cameraConfigDataItem></cameraConfigHistory><cameraCalibHistory/></coAxialMPMSystem></inSituMonitoringSystem><inSituMonitoringSystem><towerCameraSystem><generalInfo><name>AMMTLayerImageCamera_acA3800-10gm</name><description>AMMT Layerwise Imaging System using Basler
                        acA3800-10gm</description><model>Basler acA3800-10gm</model><dateOfMade>2016-01-01</dateOfMade><location>Gaithersburg</location></generalInfo><cameraInfo><imageX>2000</imageX><imageY>2000</imageY><detectorPixelPitchInUm>1.67</detectorPixelPitchInUm><bitDepth>8</bitDepth><opticalFilterBW><unit>nm</unit><value><min>830</min><max>870</max></value></opticalFilterBW></cameraInfo><cameraConfigHistory><cameraConfigDataItem><generalInfo><id>LWIConfig20180708</id><description>Layerwise imaging system for 3D Scan Strategies
                                Test</description><date>2018-07-01</date><operator><name>Lane</name><title>ME</title><operatingHours>200</operatingHours></operator></generalInfo><magnification>0.03</magnification><frameRate>2</frameRate><illumination>None</illumination></cameraConfigDataItem></cameraConfigHistory><cameraCalibHistory><cameraCalibItem><generalInfo><description>LWICalibration20180701</description><calibrationDate>2018-07-01</calibrationDate><calibrationOperator><name>Lane</name><title>ME</title><operatingHours>200</operatingHours></calibrationOperator></generalInfo><CameraCalibData><circleGridCalibData><images><imageFiles><name>201807_LayerCamera_DotGrid.bmp</name><imageSizeX>1600</imageSizeX><imageSizeY>1600</imageSizeY><url>http://ammd2.el.nist.gov/rest/blob/download/5cc99a90832b62003c3a9888/</url></imageFiles></images><isSymmetric>1</isSymmetric><patternSizeX>50</patternSizeX><patternSizeY>50</patternSizeY><dotDiameterInMM>0.5</dotDiameterInMM><dotSpacingInMM>1</dotSpacingInMM></circleGridCalibData></CameraCalibData></cameraCalibItem></cameraCalibHistory><triggerMethod>unknown</triggerMethod></towerCameraSystem></inSituMonitoringSystem></amMachine></amMachineDB>